{"XGBoost": {"cindex_per_fold": [[0.5625, 0.46875, 0.3794642857142857, 0.42857142857142855, 0.5625, 0.4375], [0.36885245901639346, 0.3770491803278688, 0.2540983606557377, 0.8237704918032787, 0.8401639344262295, 0.8442622950819673], [0.5705882352941176, 0.6235294117647059, 0.6352941176470588, 0.6352941176470588, 0.5411764705882353, 0.5176470588235295], [0.5121951219512195, 0.5, 0.5121951219512195, 0.676829268292683, 0.676829268292683, 0.8353658536585366], [0.75, 1.0, 0.6, 0.3, 0.1, 0.1], [0.25, 0.3392857142857143, 0.32142857142857145, 0.32142857142857145, 0.2857142857142857, 0.25], [0.28431372549019607, 0.38235294117647056, 0.37254901960784315, 0.5686274509803921, 0.6372549019607843, 0.6470588235294118], [0.5614754098360656, 0.5860655737704918, 0.5, 0.47540983606557374, 0.5573770491803278, 0.639344262295082], [0.4294117647058823, 0.6647058823529411, 0.5529411764705883, 0.6058823529411764, 0.4470588235294118, 0.4117647058823529], [0.4807692307692308, 0.46794871794871795, 0.4551282051282051, 0.5128205128205128, 0.5705128205128205, 0.5705128205128205], [0.0, 0.5, 0.0, 0.4, 0.1, 0.1], [0.41964285714285715, 0.4375, 0.4375, 0.5089285714285714, 0.5178571428571429, 0.5357142857142857], [0.37058823529411766, 0.788235294117647, 0.49411764705882355, 0.4588235294117647, 0.5529411764705883, 0.47058823529411764], [0.4573170731707317, 0.35365853658536583, 0.5182926829268293, 0.6036585365853658, 0.6524390243902439, 0.6341463414634146], [0.1, 0.0, 0.2, 0.2, 0.4, 0.4], [0.49107142857142855, 0.6339285714285714, 0.6428571428571429, 0.4732142857142857, 0.5357142857142857, 0.5803571428571429]], "ibs_per_fold": [[], [], [], [], [], [], [], [], [], [], [], [], [], [], [], []], "mean_auc_per_fold": [[], [], [], [], [], [], [], [], [], [], [], [], [], [], [], []]}, "P-value": {"cindex_per_fold": [[0.625, 0.7098214285714286, 0.7098214285714286, 0.7098214285714286, 0.71875, 0.7723214285714286, 0.7276785714285714, 0.6785714285714286], [0.4385245901639344, 0.7704918032786885, 0.7663934426229508, 0.7704918032786885, 0.7704918032786885, 0.7213114754098361, 0.7827868852459017, 0.7786885245901639], [0.4764705882352941, 0.5411764705882353, 0.48823529411764705, 0.48823529411764705, 0.48823529411764705, 0.4823529411764706, 0.5764705882352941, 0.6], [0.6282051282051282, 0.6794871794871795, 0.6153846153846154, 0.75, 0.717948717948718, 0.6410256410256411, 0.6410256410256411, 0.6538461538461539], [0.75, 0.6585365853658537, 0.7012195121951219, 0.6280487804878049, 0.6280487804878049, 0.676829268292683, 0.676829268292683, 0.5914634146341463], [0.1, 0.4, 0.4, 0.8, 0.9, 0.4, 0.4, 0.6], [0.5267857142857143, 0.5535714285714286, 0.39285714285714285, 0.5357142857142857, 0.5178571428571429, 0.5178571428571429, 0.44642857142857145, 0.44642857142857145], [0.7352941176470589, 0.8333333333333334, 0.8137254901960784, 0.8235294117647058, 0.8431372549019608, 0.8235294117647058, 0.8235294117647058, 0.8235294117647058], [0.6194029850746269, 0.7313432835820896, 0.7761194029850746, 0.8507462686567164, 0.8507462686567164, 0.8208955223880597, 0.7910447761194029, 0.582089552238806], [0.3483606557377049, 0.639344262295082, 0.7663934426229508, 0.7950819672131147, 0.7950819672131147, 0.7377049180327869, 0.7377049180327869, 0.8278688524590164], [0.6195652173913043, 0.7717391304347826, 0.7282608695652174, 0.7228260869565217, 0.7391304347826086, 0.8043478260869565, 0.7934782608695652, 0.7934782608695652], [0.6282051282051282, 0.7564102564102564, 0.6410256410256411, 0.6410256410256411, 0.6474358974358975, 0.6346153846153846, 0.5769230769230769, 0.5769230769230769], [0.75, 0.7, 0.5, 0.5, 0.5, 0.9, 0.6, 0.6], [0.41964285714285715, 0.5535714285714286, 0.5089285714285714, 0.5357142857142857, 0.48214285714285715, 0.4642857142857143, 0.4642857142857143, 0.4107142857142857], [0.7352941176470589, 0.8235294117647058, 0.8137254901960784, 0.8137254901960784, 0.8137254901960784, 0.8431372549019608, 0.8627450980392157, 0.9607843137254902], [0.5298507462686567, 0.582089552238806, 0.7313432835820896, 0.7611940298507462, 0.8283582089552238, 0.8208955223880597, 0.9253731343283582, 0.746268656716418], [0.625, 0.6428571428571429, 0.7098214285714286, 0.7098214285714286, 0.8258928571428571, 0.8482142857142857, 0.8482142857142857, 0.8348214285714286], [0.4385245901639344, 0.5614754098360656, 0.6762295081967213, 0.8237704918032787, 0.8360655737704918, 0.8032786885245902, 0.8155737704918032, 0.8237704918032787], [0.6195652173913043, 0.7989130434782609, 0.842391304347826, 0.8695652173913043, 0.875, 0.8804347826086957, 0.8478260869565217, 0.8478260869565217], [0.6282051282051282, 0.7564102564102564, 0.75, 0.75, 0.75, 0.75, 0.5897435897435898, 0.5384615384615384], [0.5, 0.4, 0.8, 0.9, 0.9, 0.9, 0.4, 0.5], [0.5980392156862745, 0.8235294117647058, 0.8235294117647058, 0.8137254901960784, 0.8431372549019608, 0.9411764705882353, 0.9215686274509803, 0.9411764705882353]], "ibs_per_fold": [[], [], [], [], [], [], [], [], [], [], [], [], [], [], [], [], [], [], [], [], [], []], "mean_auc_per_fold": [[], [], [], [], [], [], [], [], [], [], [], [], [], [], [], [], [], [], [], [], [], []]},